timestamp_utc,name,url,expected_status,actual_status,latency_ms,is_up,error
2026-04-23T13:39:51.914540+00:00,Google,https://google.com,200,200,175,1,
2026-04-23T13:39:52.631554+00:00,GitHub API,https://apub.com,200,200,716,1,
2026-04-23T13:50:26.497043+00:00,Google,https://google.com,200,200,129,1,
2026-04-23T13:50:26.530418+00:00,Test Site,http://thesdsfsf.com/,200,0,33,0,URLError: <urlopen error [Errno -2] Name or service not known>
2026-04-23T13:54:14.281759+00:00,Google,https://google.com,200,200,207,1,
2026-04-23T13:54:14.401128+00:00,Test Site,http://thesdsfsf.com/,200,0,119,0,URLError: <urlopen error [Errno -2] Name or service not known>
2026-04-23T13:57:20.353584+00:00,Google,https://google.com,200,200,145,1,
2026-04-23T13:57:20.419179+00:00,Test Site,http://thesdsfsf.com/,200,0,65,0,URLError: <urlopen error [Errno -2] Name or service not known>
2026-04-23T14:01:52.467407+00:00,Google,https://google.com,200,200,376,1,
2026-04-23T14:01:52.521471+00:00,Test Site,http://thesdsfsf.com/,200,0,54,0,URLError: <urlopen error [Errno -2] Name or service not known>
2026-04-23T14:03:52.568533+00:00,Google,https://google.com,200,200,190,1,
2026-04-23T14:03:52.583031+00:00,Test Site,http://thesdsfsf.com/,200,0,14,0,URLError: <urlopen error [Errno -2] Name or service not known>
2026-04-23T15:27:55.784442+00:00,Google,https://google.com,200,200,329,1,
2026-04-23T15:27:55.809677+00:00,Test Site,http://thesdsfsf.com/,200,0,25,0,URLError: <urlopen error [Errno -2] Name or service not known>
2026-04-23T16:59:42.707556+00:00,Google,https://google.com,200,200,214,1,
2026-04-23T16:59:43.395132+00:00,Github,http://github.com/,200,200,687,1,
2026-04-23T18:08:20.942724+00:00,Google,https://google.com,200,200,282,1,
2026-04-23T18:08:21.179734+00:00,Github,http://github.com/,200,200,236,1,
2026-04-23T19:39:24.894564+00:00,Google,https://google.com,200,200,190,1,
2026-04-23T19:39:25.609918+00:00,Github,http://github.com/,200,200,715,1,
2026-04-23T20:36:30.485150+00:00,Google,https://google.com,200,200,196,1,
2026-04-23T20:36:30.766503+00:00,Github,http://github.com/,200,200,281,1,
2026-04-23T21:28:03.726626+00:00,Google,https://google.com,200,200,149,1,
2026-04-23T21:28:03.824522+00:00,Github,http://github.com/,200,200,97,1,
2026-04-23T22:08:01.448921+00:00,Google,https://google.com,200,200,189,1,
2026-04-23T22:08:01.698612+00:00,Github,http://github.com/,200,200,249,1,
2026-04-23T23:04:57.623783+00:00,Google,https://google.com,200,200,171,1,
2026-04-23T23:04:57.891022+00:00,Github,http://github.com/,200,200,267,1,
2026-04-24T00:01:07.411751+00:00,Google,https://google.com,200,200,180,1,
2026-04-24T00:01:07.505225+00:00,Github,http://github.com/,200,200,93,1,
2026-04-24T03:48:15.712702+00:00,Google,https://google.com,200,200,119,1,
2026-04-24T03:48:15.772628+00:00,Github,http://github.com/,200,200,59,1,
2026-04-24T06:46:45.753612+00:00,Google,https://google.com,200,200,159,1,
2026-04-24T06:46:46.022979+00:00,Github,http://github.com/,200,200,269,1,
2026-04-24T08:56:53.162549+00:00,Google,https://google.com,200,200,108,1,
2026-04-24T08:56:53.217335+00:00,Github,http://github.com/,200,200,54,1,
2026-04-24T10:19:33.829178+00:00,Google,https://google.com,200,200,190,1,
2026-04-24T10:19:33.929390+00:00,Github,http://github.com/,200,200,100,1,
2026-04-24T11:38:49.520914+00:00,Google,https://google.com,200,200,188,1,
2026-04-24T11:38:49.633269+00:00,Github,http://github.com/,200,200,112,1,
2026-04-24T12:42:19.802124+00:00,Google,https://google.com,200,200,165,1,
2026-04-24T12:42:29.913057+00:00,Github,http://github.com/,200,0,10110,0,Exception: The read operation timed out
2026-04-24T14:18:15.035618+00:00,Google,https://google.com,200,200,336,1,
2026-04-24T14:18:15.351909+00:00,Github,http://github.com/,200,200,316,1,
2026-04-24T15:44:44.588513+00:00,Google,https://google.com,200,200,151,1,
2026-04-24T15:44:44.809183+00:00,Github,http://github.com/,200,200,220,1,
2026-04-24T16:40:30.917967+00:00,Google,https://google.com,200,200,153,1,
2026-04-24T16:40:31.142212+00:00,Github,http://github.com/,200,200,224,1,
2026-04-24T17:36:29.327546+00:00,Google,https://google.com,200,200,154,1,
2026-04-24T17:36:29.432902+00:00,Github,http://github.com/,200,200,105,1,
2026-04-24T18:28:27.123970+00:00,Google,https://google.com,200,200,249,1,
2026-04-24T18:28:27.433856+00:00,Github,http://github.com/,200,200,309,1,
2026-04-24T19:30:11.458774+00:00,Google,https://google.com,200,200,161,1,
2026-04-24T19:30:11.732402+00:00,Github,http://github.com/,200,200,273,1,
2026-04-24T20:28:43.684901+00:00,Google,https://google.com,200,200,179,1,
2026-04-24T20:28:43.795209+00:00,Github,http://github.com/,200,200,110,1,
2026-04-24T21:25:04.108149+00:00,Google,https://google.com,200,200,186,1,
2026-04-24T21:25:04.308169+00:00,Github,http://github.com/,200,200,199,1,
2026-04-24T22:06:27.630590+00:00,Google,https://google.com,200,200,137,1,
2026-04-24T22:06:27.722464+00:00,Github,http://github.com/,200,200,91,1,
2026-04-24T22:57:10.066869+00:00,Google,https://google.com,200,200,167,1,
2026-04-24T22:57:10.801837+00:00,Github,http://github.com/,200,200,734,1,
2026-04-24T23:38:00.494986+00:00,Google,https://google.com,200,200,152,1,
2026-04-24T23:38:00.595745+00:00,Github,http://github.com/,200,200,100,1,
2026-04-25T01:05:04.254690+00:00,Google,https://google.com,200,200,162,1,
2026-04-25T01:05:04.504348+00:00,Github,http://github.com/,200,200,249,1,
2026-04-25T04:07:41.142770+00:00,Google,https://google.com,200,200,216,1,
2026-04-25T04:07:41.788858+00:00,Github,http://github.com/,200,200,646,1,
2026-04-25T05:57:40.917983+00:00,Google,https://google.com,200,200,187,1,
2026-04-25T05:57:41.209452+00:00,Github,http://github.com/,200,200,291,1,
2026-04-25T07:17:01.351103+00:00,Google,https://google.com,200,200,329,1,
2026-04-25T07:17:01.972949+00:00,Github,http://github.com/,200,200,621,1,
2026-04-25T08:14:28.572956+00:00,Google,https://google.com,200,200,284,1,
2026-04-25T08:14:28.945670+00:00,Github,http://github.com/,200,200,372,1,
2026-04-25T09:11:42.803670+00:00,Google,https://google.com,200,200,148,1,
2026-04-25T09:11:43.079564+00:00,Github,http://github.com/,200,200,275,1,
2026-04-25T10:05:22.701550+00:00,Google,https://google.com,200,200,320,1,
2026-04-25T10:05:23.286569+00:00,Github,http://github.com/,200,200,584,1,
2026-04-25T11:02:43.367429+00:00,Google,https://google.com,200,200,196,1,
2026-04-25T11:02:43.624146+00:00,Github,http://github.com/,200,200,256,1,
2026-04-25T11:53:02.936559+00:00,Google,https://google.com,200,200,171,1,
2026-04-25T11:53:03.155531+00:00,Github,http://github.com/,200,200,218,1,
2026-04-25T12:45:13.950791+00:00,Google,https://google.com,200,200,245,1,
2026-04-25T12:45:14.286877+00:00,Github,http://github.com/,200,200,336,1,
2026-04-25T13:59:28.037999+00:00,Google,https://google.com,200,200,342,1,
2026-04-25T13:59:28.618263+00:00,Github,http://github.com/,200,200,580,1,
2026-04-25T14:49:15.890812+00:00,Google,https://google.com,200,200,300,1,
2026-04-25T14:49:16.292878+00:00,Github,http://github.com/,200,200,402,1,
2026-04-25T15:34:07.528050+00:00,Google,https://google.com,200,200,145,1,
2026-04-25T15:34:07.588066+00:00,Github,http://github.com/,200,200,59,1,
2026-04-25T16:22:09.141615+00:00,Google,https://google.com,200,200,184,1,
2026-04-25T16:22:09.375154+00:00,Github,http://github.com/,200,200,233,1,
2026-04-25T17:06:20.384519+00:00,Google,https://google.com,200,200,177,1,
2026-04-25T17:06:20.625288+00:00,Github,http://github.com/,200,200,240,1,
2026-04-25T17:55:54.918516+00:00,Google,https://google.com,200,200,156,1,
2026-04-25T17:55:55.128988+00:00,Github,http://github.com/,200,200,210,1,
2026-04-25T18:42:27.410693+00:00,Google,https://google.com,200,200,330,1,
2026-04-25T18:42:27.979202+00:00,Github,http://github.com/,200,200,568,1,
2026-04-25T19:33:21.052772+00:00,Google,https://google.com,200,200,164,1,
2026-04-25T19:33:21.769655+00:00,Github,http://github.com/,200,200,716,1,
2026-04-25T20:20:50.620789+00:00,Google,https://google.com,200,200,162,1,
2026-04-25T20:20:50.888653+00:00,Github,http://github.com/,200,200,267,1,
2026-04-25T21:02:27.053321+00:00,Google,https://google.com,200,200,141,1,
2026-04-25T21:02:27.321227+00:00,Github,http://github.com/,200,200,267,1,
2026-04-25T21:52:04.131086+00:00,Google,https://google.com,200,200,125,1,
2026-04-25T21:52:04.195970+00:00,Github,http://github.com/,200,200,64,1,
2026-04-25T22:29:18.506665+00:00,Google,https://google.com,200,200,455,1,
2026-04-25T22:29:19.174703+00:00,Github,http://github.com/,200,200,668,1,
2026-04-25T23:06:01.283688+00:00,Google,https://google.com,200,200,126,1,
2026-04-25T23:06:01.350256+00:00,Github,http://github.com/,200,200,66,1,
2026-04-25T23:53:39.293156+00:00,Google,https://google.com,200,200,173,1,
2026-04-25T23:53:40.046339+00:00,Github,http://github.com/,200,200,753,1,
2026-04-26T02:01:57.112430+00:00,Google,https://google.com,200,200,150,1,
2026-04-26T02:01:57.316858+00:00,Github,http://github.com/,200,200,204,1,
2026-04-26T05:20:18.465284+00:00,Google,https://google.com,200,200,144,1,
2026-04-26T05:20:18.688287+00:00,Github,http://github.com/,200,200,222,1,
2026-04-26T07:09:09.507426+00:00,Google,https://google.com,200,200,231,1,
2026-04-26T07:09:10.149716+00:00,Github,http://github.com/,200,200,642,1,
2026-04-26T08:36:47.954360+00:00,Google,https://google.com,200,200,115,1,
2026-04-26T08:36:48.016060+00:00,Github,http://github.com/,200,200,61,1,
2026-04-26T09:35:56.272224+00:00,Google,https://google.com,200,200,329,1,
2026-04-26T09:35:56.538740+00:00,Github,http://github.com/,200,200,266,1,
2026-04-26T10:28:22.940279+00:00,Google,https://google.com,200,200,325,1,
2026-04-26T10:28:23.563383+00:00,Github,http://github.com/,200,200,623,1,
2026-04-26T11:12:03.324845+00:00,Google,https://google.com,200,200,235,1,
2026-04-26T11:12:03.668092+00:00,Github,http://github.com/,200,200,343,1,
2026-04-26T11:55:46.911890+00:00,Google,https://google.com,200,200,168,1,
2026-04-26T11:55:47.178267+00:00,Github,http://github.com/,200,200,266,1,
2026-04-26T12:55:22.380102+00:00,Google,https://google.com,200,200,409,1,
2026-04-26T12:55:22.954888+00:00,Github,http://github.com/,200,200,574,1,
2026-04-26T14:01:31.545828+00:00,Google,https://google.com,200,200,160,1,
2026-04-26T14:01:31.788855+00:00,Github,http://github.com/,200,200,242,1,
2026-04-26T15:00:37.552178+00:00,Google,https://google.com,200,200,213,1,
2026-04-26T15:00:38.192136+00:00,Github,http://github.com/,200,200,639,1,
2026-04-26T15:56:14.743964+00:00,Google,https://google.com,200,200,175,1,
2026-04-26T15:56:15.075573+00:00,Github,http://github.com/,200,200,331,1,
2026-04-26T16:38:10.957626+00:00,Google,https://google.com,200,200,272,1,
2026-04-26T16:38:11.379892+00:00,Github,http://github.com/,200,200,422,1,
2026-04-26T17:23:35.956564+00:00,Google,https://google.com,200,200,252,1,
2026-04-26T17:23:36.371794+00:00,Github,http://github.com/,200,200,415,1,
2026-04-26T18:03:06.932049+00:00,Google,https://google.com,200,200,144,1,
2026-04-26T18:03:07.153065+00:00,Github,http://github.com/,200,200,220,1,
2026-04-26T19:12:25.078826+00:00,Google,https://google.com,200,200,206,1,
2026-04-26T19:12:25.310021+00:00,Github,http://github.com/,200,200,231,1,
2026-04-26T19:54:40.721233+00:00,Google,https://google.com,200,200,290,1,
2026-04-26T19:54:41.041946+00:00,Github,http://github.com/,200,200,320,1,
2026-04-26T20:31:30.056004+00:00,Google,https://google.com,200,200,396,1,
2026-04-26T20:31:30.270983+00:00,Github,http://github.com/,200,200,214,1,
2026-04-26T21:20:39.816981+00:00,Google,https://google.com,200,200,157,1,
2026-04-26T21:20:40.053957+00:00,Github,http://github.com/,200,200,236,1,
2026-04-26T22:00:08.551768+00:00,Google,https://google.com,200,200,255,1,
2026-04-26T22:00:08.906873+00:00,Github,http://github.com/,200,200,355,1,
2026-04-26T22:58:04.792441+00:00,Google,https://google.com,200,200,158,1,
2026-04-26T22:58:05.066542+00:00,Github,http://github.com/,200,200,274,1,
2026-04-26T23:40:15.869802+00:00,Google,https://google.com,200,200,212,1,
2026-04-26T23:40:16.130166+00:00,Github,http://github.com/,200,200,260,1,
2026-04-27T01:14:01.926097+00:00,Google,https://google.com,200,200,168,1,
2026-04-27T01:14:02.035044+00:00,Github,http://github.com/,200,200,108,1,
2026-04-27T04:40:58.746686+00:00,Google,https://google.com,200,200,140,1,
2026-04-27T04:40:58.983379+00:00,Github,http://github.com/,200,200,236,1,
2026-04-27T07:20:58.527159+00:00,Google,https://google.com,200,200,172,1,
2026-04-27T07:20:58.796947+00:00,Github,http://github.com/,200,200,269,1,
2026-04-27T09:35:27.509018+00:00,Google,https://google.com,200,200,144,1,
2026-04-27T09:35:27.569660+00:00,Github,http://github.com/,200,200,60,1,
2026-04-27T11:26:30.401913+00:00,Google,https://google.com,200,200,171,1,
2026-04-27T11:26:30.455845+00:00,Github,http://github.com/,200,200,53,1,
2026-04-27T13:01:06.136200+00:00,Google,https://google.com,200,200,150,1,
2026-04-27T13:01:06.250380+00:00,Github,http://github.com/,200,200,114,1,
2026-04-27T15:17:56.703374+00:00,Google,https://google.com,200,200,193,1,
2026-04-27T15:17:56.930898+00:00,Github,http://github.com/,200,200,227,1,
2026-04-27T17:02:11.704095+00:00,Google,https://google.com,200,200,413,1,
2026-04-27T17:02:12.216751+00:00,Github,http://github.com/,200,200,512,1,
2026-04-27T18:19:20.254834+00:00,Google,https://google.com,200,200,168,1,
2026-04-27T18:19:20.511075+00:00,Github,http://github.com/,200,200,256,1,
2026-04-27T19:53:13.524162+00:00,Google,https://google.com,200,200,319,1,
2026-04-27T19:53:13.788727+00:00,Github,http://github.com/,200,200,264,1,
2026-04-27T20:54:37.408252+00:00,Google,https://google.com,200,200,211,1,
2026-04-27T20:54:37.631832+00:00,Github,http://github.com/,200,200,223,1,
2026-04-27T21:49:25.340161+00:00,Google,https://google.com,200,200,229,1,
2026-04-27T21:49:25.407281+00:00,Github,http://github.com/,200,200,67,1,
2026-04-27T22:42:31.218930+00:00,Google,https://google.com,200,200,129,1,
2026-04-27T22:42:31.280055+00:00,Github,http://github.com/,200,200,61,1,
2026-04-27T23:37:01.603090+00:00,Google,https://google.com,200,200,118,1,
2026-04-27T23:37:01.652940+00:00,Github,http://github.com/,200,200,49,1,
2026-04-28T01:21:53.021393+00:00,Google,https://google.com,200,200,176,1,
2026-04-28T01:21:53.253279+00:00,Github,http://github.com/,200,200,231,1,
2026-04-28T04:52:30.118596+00:00,Google,https://google.com,200,200,214,1,
2026-04-28T04:52:30.201096+00:00,Github,http://github.com/,200,200,82,1,
2026-04-28T07:27:49.456019+00:00,Google,https://google.com,200,200,208,1,
2026-04-28T07:27:50.101884+00:00,Github,http://github.com/,200,200,645,1,
2026-04-28T09:41:28.988051+00:00,Google,https://google.com,200,200,164,1,
2026-04-28T09:41:29.245503+00:00,Github,http://github.com/,200,200,257,1,
2026-04-28T11:26:36.127544+00:00,Google,https://google.com,200,200,120,1,
2026-04-28T11:26:36.208317+00:00,Github,http://github.com/,200,200,80,1,
2026-04-28T13:10:48.131133+00:00,Google,https://google.com,200,200,155,1,
2026-04-28T13:10:48.198063+00:00,Github,http://github.com/,200,200,66,1,
2026-04-28T15:36:55.537749+00:00,Google,https://google.com,200,200,216,1,
2026-04-28T15:36:56.111258+00:00,Github,http://github.com/,200,200,573,1,
2026-04-28T17:18:57.988955+00:00,Google,https://google.com,200,200,208,1,
2026-04-28T17:18:58.084847+00:00,Github,http://github.com/,200,200,95,1,
2026-04-28T19:01:02.443022+00:00,Google,https://google.com,200,200,121,1,
2026-04-28T19:01:02.497146+00:00,Github,http://github.com/,200,200,54,1,
2026-04-28T20:39:07.226835+00:00,Google,https://google.com,200,200,340,1,
2026-04-28T20:39:07.462619+00:00,Github,http://github.com/,200,200,235,1,
2026-04-28T21:41:23.571607+00:00,Google,https://google.com,200,200,283,1,
2026-04-28T21:41:23.961772+00:00,Github,http://github.com/,200,200,390,1,
2026-04-28T22:38:12.184071+00:00,Google,https://google.com,200,200,175,1,
2026-04-28T22:38:12.290782+00:00,Github,http://github.com/,200,200,106,1,
2026-04-28T23:36:14.633211+00:00,Google,https://google.com,200,200,240,1,
2026-04-28T23:36:15.247931+00:00,Github,http://github.com/,200,200,614,1,
2026-04-29T01:23:07.924908+00:00,Google,https://google.com,200,200,230,1,
2026-04-29T01:23:08.201315+00:00,Github,http://github.com/,200,200,276,1,
2026-04-29T04:47:06.489385+00:00,Google,https://google.com,200,200,168,1,
2026-04-29T04:47:06.572922+00:00,Github,http://github.com/,200,200,83,1,
2026-04-29T07:18:04.186179+00:00,Google,https://google.com,200,200,213,1,
2026-04-29T07:18:04.260394+00:00,Github,http://github.com/,200,200,74,1,
2026-04-29T09:31:25.610663+00:00,Google,https://google.com,200,200,143,1,
2026-04-29T09:31:25.828169+00:00,Github,http://github.com/,200,200,217,1,
2026-04-29T11:18:58.988434+00:00,Google,https://google.com,200,200,254,1,
2026-04-29T11:18:59.238122+00:00,Github,http://github.com/,200,200,249,1,
2026-04-29T13:04:48.502117+00:00,Google,https://google.com,200,200,306,1,
2026-04-29T13:04:48.818744+00:00,Github,http://github.com/,200,200,316,1,
2026-04-29T15:26:28.333306+00:00,Google,https://google.com,200,200,280,1,
2026-04-29T15:26:28.604293+00:00,Github,http://github.com/,200,200,270,1,
2026-04-29T16:59:34.793532+00:00,Google,https://google.com,200,200,203,1,
2026-04-29T16:59:35.038110+00:00,Github,http://github.com/,200,200,244,1,
2026-04-29T18:14:54.489772+00:00,Google,https://google.com,200,200,237,1,
2026-04-29T18:14:54.769500+00:00,Github,http://github.com/,200,200,279,1,
2026-04-29T19:55:00.838479+00:00,Google,https://google.com,200,200,256,1,
2026-04-29T19:55:01.103046+00:00,Github,http://github.com/,200,200,264,1,
2026-04-29T20:55:56.260475+00:00,Google,https://google.com,200,200,295,1,
2026-04-29T20:55:56.511008+00:00,Github,http://github.com/,200,200,250,1,
2026-04-29T21:56:19.191776+00:00,Google,https://google.com,200,200,259,1,
2026-04-29T21:56:19.714647+00:00,Github,http://github.com/,200,200,522,1,
2026-04-29T22:53:41.565996+00:00,Google,https://google.com,200,200,155,1,
2026-04-29T22:53:41.674452+00:00,Github,http://github.com/,200,200,108,1,
2026-04-29T23:47:20.512033+00:00,Google,https://google.com,200,200,182,1,
2026-04-29T23:47:20.566859+00:00,Github,http://github.com/,200,200,54,1,
2026-04-30T02:12:30.438175+00:00,Google,https://google.com,200,200,114,1,
2026-04-30T02:12:30.486875+00:00,Github,http://github.com/,200,200,48,1,
2026-04-30T05:40:04.314895+00:00,Google,https://google.com,200,200,291,1,
2026-04-30T05:40:04.565129+00:00,Github,http://github.com/,200,200,250,1,
2026-04-30T07:53:07.795470+00:00,Google,https://google.com,200,200,157,1,
2026-04-30T07:53:08.087404+00:00,Github,http://github.com/,200,200,291,1,
2026-04-30T10:00:07.468414+00:00,Google,https://google.com,200,200,205,1,
2026-04-30T10:00:08.244449+00:00,Github,http://github.com/,200,200,775,1,
2026-04-30T11:43:56.678993+00:00,Google,https://google.com,200,200,150,1,
2026-04-30T11:43:56.780762+00:00,Github,http://github.com/,200,200,101,1,
2026-04-30T13:09:38.249711+00:00,Google,https://google.com,200,200,192,1,
2026-04-30T13:09:38.503627+00:00,Github,http://github.com/,200,200,253,1,
2026-04-30T15:22:05.329353+00:00,Google,https://google.com,200,200,118,1,
2026-04-30T15:22:05.383681+00:00,Github,http://github.com/,200,200,54,1,
2026-04-30T16:54:55.435797+00:00,Google,https://google.com,200,200,178,1,
2026-04-30T16:54:55.717700+00:00,Github,http://github.com/,200,200,281,1,
2026-04-30T18:06:03.755747+00:00,Google,https://google.com,200,200,162,1,
2026-04-30T18:06:04.029566+00:00,Github,http://github.com/,200,200,273,1,
2026-04-30T19:48:02.941767+00:00,Google,https://google.com,200,200,294,1,
2026-04-30T19:48:03.305269+00:00,Github,http://github.com/,200,200,363,1,
2026-04-30T20:53:10.842019+00:00,Google,https://google.com,200,200,174,1,
2026-04-30T20:53:11.067036+00:00,Github,http://github.com/,200,200,224,1,
2026-04-30T21:51:26.045301+00:00,Google,https://google.com,200,200,259,1,
2026-04-30T21:51:26.138929+00:00,Github,http://github.com/,200,200,93,1,
2026-04-30T22:44:40.950285+00:00,Google,https://google.com,200,200,249,1,
2026-04-30T22:44:41.244179+00:00,Github,http://github.com/,200,200,293,1,
2026-04-30T23:36:52.662236+00:00,Google,https://google.com,200,200,258,1,
2026-04-30T23:36:53.034425+00:00,Github,http://github.com/,200,200,372,1,
2026-05-01T01:26:32.302875+00:00,Google,https://google.com,200,200,160,1,
2026-05-01T01:26:32.544895+00:00,Github,http://github.com/,200,200,241,1,
2026-05-01T05:05:04.322141+00:00,Google,https://google.com,200,200,184,1,
2026-05-01T05:05:04.684904+00:00,Github,http://github.com/,200,200,362,1,
2026-05-01T07:36:18.740947+00:00,Google,https://google.com,200,200,267,1,
2026-05-01T07:36:19.125549+00:00,Github,http://github.com/,200,200,384,1,
2026-05-01T09:20:48.767473+00:00,Google,https://google.com,200,200,212,1,
2026-05-01T09:20:49.001025+00:00,Github,http://github.com/,200,200,233,1,
2026-05-01T10:50:55.319413+00:00,Google,https://google.com,200,200,205,1,
2026-05-01T10:50:56.026004+00:00,Github,http://github.com/,200,200,706,1,
2026-05-01T11:53:14.129825+00:00,Google,https://google.com,200,200,215,1,
2026-05-01T11:53:14.684543+00:00,Github,http://github.com/,200,200,554,1,
2026-05-01T13:02:28.355131+00:00,Google,https://google.com,200,200,153,1,
2026-05-01T13:02:28.454012+00:00,Github,http://github.com/,200,200,98,1,
2026-05-01T14:20:51.996959+00:00,Google,https://google.com,200,200,201,1,
2026-05-01T14:20:52.227163+00:00,Github,http://github.com/,200,200,230,1,
2026-05-01T15:31:27.901328+00:00,Google,https://google.com,200,200,157,1,
2026-05-01T15:31:27.955676+00:00,Github,http://github.com/,200,200,54,1,
2026-05-01T16:37:20.264840+00:00,Google,https://google.com,200,200,210,1,
2026-05-01T16:37:20.887325+00:00,Github,http://github.com/,200,200,622,1,
2026-05-01T17:40:04.582368+00:00,Google,https://google.com,200,200,227,1,
2026-05-01T17:40:04.835727+00:00,Github,http://github.com/,200,200,253,1,
2026-05-01T18:45:55.596903+00:00,Google,https://google.com,200,200,184,1,
2026-05-01T18:45:55.817316+00:00,Github,http://github.com/,200,200,220,1,
2026-05-01T20:01:08.433269+00:00,Google,https://google.com,200,200,173,1,
2026-05-01T20:01:08.491819+00:00,Github,http://github.com/,200,200,58,1,
2026-05-01T21:06:45.144880+00:00,Google,https://google.com,200,200,165,1,
2026-05-01T21:06:45.436406+00:00,Github,http://github.com/,200,200,291,1,
2026-05-01T22:04:12.817858+00:00,Google,https://google.com,200,200,179,1,
2026-05-01T22:04:12.870424+00:00,Github,http://github.com/,200,200,52,1,
2026-05-01T23:06:17.600810+00:00,Google,https://google.com,200,200,271,1,
2026-05-01T23:06:17.891888+00:00,Github,http://github.com/,200,200,291,1,
2026-05-02T00:03:56.258034+00:00,Google,https://google.com,200,200,303,1,
2026-05-02T00:03:56.625666+00:00,Github,http://github.com/,200,200,367,1,
2026-05-02T03:49:15.734859+00:00,Google,https://google.com,200,200,144,1,
2026-05-02T03:49:15.953568+00:00,Github,http://github.com/,200,200,218,1,
2026-05-02T06:02:01.151332+00:00,Google,https://google.com,200,200,221,1,
2026-05-02T06:02:01.797858+00:00,Github,http://github.com/,200,200,646,1,
2026-05-02T07:58:34.340529+00:00,Google,https://google.com,200,200,203,1,
2026-05-02T07:58:34.545835+00:00,Github,http://github.com/,200,200,205,1,
2026-05-02T09:09:12.477866+00:00,Google,https://google.com,200,200,162,1,
2026-05-02T09:09:12.759064+00:00,Github,http://github.com/,200,200,281,1,
2026-05-02T10:09:07.004339+00:00,Google,https://google.com,200,200,152,1,
2026-05-02T10:09:07.064269+00:00,Github,http://github.com/,200,200,59,1,
2026-05-02T11:05:29.067834+00:00,Google,https://google.com,200,200,223,1,
2026-05-02T11:05:29.639706+00:00,Github,http://github.com/,200,200,571,1,
2026-05-02T11:57:20.003717+00:00,Google,https://google.com,200,200,127,1,
2026-05-02T11:57:20.054186+00:00,Github,http://github.com/,200,200,50,1,
2026-05-02T13:09:16.600834+00:00,Google,https://google.com,200,200,269,1,
2026-05-02T13:09:16.911661+00:00,Github,http://github.com/,200,200,310,1,
2026-05-02T14:14:23.620207+00:00,Google,https://google.com,200,200,118,1,
2026-05-02T14:14:23.670127+00:00,Github,http://github.com/,200,200,49,1,
2026-05-02T15:06:09.626769+00:00,Google,https://google.com,200,200,226,1,
2026-05-02T15:06:10.223771+00:00,Github,http://github.com/,200,200,596,1,
2026-05-02T16:00:06.847767+00:00,Google,https://google.com,200,200,289,1,
2026-05-02T16:00:07.159412+00:00,Github,http://github.com/,200,200,311,1,
2026-05-02T16:58:15.045055+00:00,Google,https://google.com,200,200,170,1,
2026-05-02T16:58:15.302828+00:00,Github,http://github.com/,200,200,257,1,
2026-05-02T17:44:36.099672+00:00,Google,https://google.com,200,200,191,1,
2026-05-02T17:44:36.348289+00:00,Github,http://github.com/,200,200,248,1,
2026-05-02T18:35:44.292901+00:00,Google,https://google.com,200,200,165,1,
2026-05-02T18:35:44.993367+00:00,Github,http://github.com/,200,200,700,1,
2026-05-02T19:41:35.447726+00:00,Google,https://google.com,200,200,163,1,
2026-05-02T19:41:35.695148+00:00,Github,http://github.com/,200,200,247,1,
2026-05-02T20:23:21.391463+00:00,Google,https://google.com,200,200,149,1,
2026-05-02T20:23:21.482904+00:00,Github,http://github.com/,200,200,91,1,
2026-05-02T21:05:36.740345+00:00,Google,https://google.com,200,200,232,1,
2026-05-02T21:05:37.324520+00:00,Github,http://github.com/,200,200,584,1,
2026-05-02T21:57:29.753923+00:00,Google,https://google.com,200,200,164,1,
2026-05-02T21:57:30.021332+00:00,Github,http://github.com/,200,200,267,1,
2026-05-02T22:40:31.497833+00:00,Google,https://google.com,200,200,122,1,
2026-05-02T22:40:31.564113+00:00,Github,http://github.com/,200,200,66,1,
2026-05-02T23:26:22.735662+00:00,Google,https://google.com,200,200,120,1,
2026-05-02T23:26:22.797379+00:00,Github,http://github.com/,200,200,61,1,
2026-05-03T00:06:43.948381+00:00,Google,https://google.com,200,200,301,1,
2026-05-03T00:06:44.058365+00:00,Github,http://github.com/,200,200,109,1,
2026-05-03T04:09:39.626652+00:00,Google,https://google.com,200,200,179,1,
2026-05-03T04:09:39.726806+00:00,Github,http://github.com/,200,200,100,1,
2026-05-03T06:38:42.810862+00:00,Google,https://google.com,200,200,201,1,
2026-05-03T06:38:43.075913+00:00,Github,http://github.com/,200,200,265,1,
2026-05-03T08:24:04.043808+00:00,Google,https://google.com,200,200,141,1,
2026-05-03T08:24:04.274175+00:00,Github,http://github.com/,200,200,230,1,
2026-05-03T09:44:44.035088+00:00,Google,https://google.com,200,200,208,1,
2026-05-03T09:44:44.616896+00:00,Github,http://github.com/,200,200,581,1,
2026-05-03T10:37:45.898477+00:00,Google,https://google.com,200,200,184,1,
2026-05-03T10:37:46.147742+00:00,Github,http://github.com/,200,200,249,1,
2026-05-03T11:25:54.337555+00:00,Google,https://google.com,200,200,171,1,
2026-05-03T11:25:55.002965+00:00,Github,http://github.com/,200,200,665,1,
2026-05-03T12:04:25.151935+00:00,Google,https://google.com,200,200,176,1,
2026-05-03T12:04:25.228012+00:00,Github,http://github.com/,200,200,76,1,
2026-05-03T13:47:50.987076+00:00,Google,https://google.com,200,200,166,1,
2026-05-03T13:47:51.798156+00:00,Github,http://github.com/,200,200,811,1,
2026-05-03T14:42:55.979653+00:00,Google,https://google.com,200,200,199,1,
2026-05-03T14:42:56.088912+00:00,Github,http://github.com/,200,200,109,1,
2026-05-03T15:31:12.398784+00:00,Google,https://google.com,200,200,180,1,
2026-05-03T15:31:12.701554+00:00,Github,http://github.com/,200,200,302,1,
2026-05-03T16:28:48.691109+00:00,Google,https://google.com,200,200,150,1,
2026-05-03T16:28:48.958983+00:00,Github,http://github.com/,200,200,267,1,
2026-05-03T17:25:23.616347+00:00,Google,https://google.com,200,200,232,1,
2026-05-03T17:25:23.715436+00:00,Github,http://github.com/,200,200,99,1,
2026-05-03T18:08:25.474514+00:00,Google,https://google.com,200,200,210,1,
2026-05-03T18:08:25.528544+00:00,Github,http://github.com/,200,200,53,1,
2026-05-03T19:16:52.759781+00:00,Google,https://google.com,200,200,240,1,
2026-05-03T19:16:52.812497+00:00,Github,http://github.com/,200,200,52,1,
2026-05-03T20:04:43.782185+00:00,Google,https://google.com,200,200,194,1,
2026-05-03T20:04:43.839738+00:00,Github,http://github.com/,200,200,57,1,
2026-05-03T21:01:02.759145+00:00,Google,https://google.com,200,200,266,1,
2026-05-03T21:01:03.271637+00:00,Github,http://github.com/,200,200,512,1,
2026-05-03T21:58:44.119014+00:00,Google,https://google.com,200,200,265,1,
2026-05-03T21:58:44.739022+00:00,Github,http://github.com/,200,200,619,1,
2026-05-03T22:47:02.620655+00:00,Google,https://google.com,200,200,299,1,
2026-05-03T22:47:02.953021+00:00,Github,http://github.com/,200,200,332,1,
2026-05-03T23:37:09.206014+00:00,Google,https://google.com,200,200,145,1,
2026-05-03T23:37:09.428377+00:00,Github,http://github.com/,200,200,222,1,
2026-05-04T01:19:20.339447+00:00,Google,https://google.com,200,200,328,1,
2026-05-04T01:19:20.437078+00:00,Github,http://github.com/,200,200,97,1,
2026-05-04T04:55:08.400984+00:00,Google,https://google.com,200,200,200,1,
2026-05-04T04:55:08.663735+00:00,Github,http://github.com/,200,200,262,1,
2026-05-04T07:44:06.518231+00:00,Google,https://google.com,200,200,225,1,
2026-05-04T07:44:06.769176+00:00,Github,http://github.com/,200,200,250,1,
2026-05-04T10:01:27.385968+00:00,Google,https://google.com,200,200,206,1,
2026-05-04T10:01:27.471290+00:00,Github,http://github.com/,200,200,85,1,
2026-05-04T12:04:15.453590+00:00,Google,https://google.com,200,200,158,1,
2026-05-04T12:04:15.512179+00:00,Github,http://github.com/,200,200,58,1,
2026-05-04T14:28:51.016869+00:00,Google,https://google.com,200,200,239,1,
2026-05-04T14:28:51.375905+00:00,Github,http://github.com/,200,200,358,1,
2026-05-04T16:18:29.513771+00:00,Google,https://google.com,200,200,285,1,
2026-05-04T16:18:29.564116+00:00,Github,http://github.com/,200,200,50,1,
2026-05-04T17:57:36.331615+00:00,Google,https://google.com,200,200,138,1,
2026-05-04T17:57:36.383820+00:00,Github,http://github.com/,200,200,52,1,
2026-05-04T19:28:37.473341+00:00,Google,https://google.com,200,200,250,1,
2026-05-04T19:28:37.534575+00:00,Github,http://github.com/,200,200,61,1,
2026-05-04T20:48:10.681300+00:00,Google,https://google.com,200,200,167,1,
2026-05-04T20:48:11.278177+00:00,Github,http://github.com/,200,200,596,1,
2026-05-04T21:54:48.513185+00:00,Google,https://google.com,200,200,169,1,
2026-05-04T21:54:48.768297+00:00,Github,http://github.com/,200,200,255,1,
2026-05-04T22:50:45.088278+00:00,Google,https://google.com,200,200,315,1,
2026-05-04T22:50:45.477820+00:00,Github,http://github.com/,200,200,389,1,
2026-05-04T23:45:37.982015+00:00,Google,https://google.com,200,200,243,1,
2026-05-04T23:45:38.321934+00:00,Github,http://github.com/,200,200,339,1,
2026-05-05T02:07:15.598592+00:00,Google,https://google.com,200,200,201,1,
2026-05-05T02:07:16.171416+00:00,Github,http://github.com/,200,200,572,1,
2026-05-05T05:22:57.184226+00:00,Google,https://google.com,200,200,277,1,
2026-05-05T05:22:57.573859+00:00,Github,http://github.com/,200,200,389,1,
2026-05-05T07:29:24.168123+00:00,Google,https://google.com,200,200,252,1,
2026-05-05T07:29:24.266897+00:00,Github,http://github.com/,200,200,98,1,
2026-05-05T09:28:24.019234+00:00,Google,https://google.com,200,200,205,1,
2026-05-05T09:28:24.117773+00:00,Github,http://github.com/,200,200,98,1,
2026-05-05T11:01:13.512092+00:00,Google,https://google.com,200,200,176,1,
2026-05-05T11:01:13.616496+00:00,Github,http://github.com/,200,200,104,1,
2026-05-05T12:11:57.071354+00:00,Google,https://google.com,200,200,270,1,
2026-05-05T12:11:57.643103+00:00,Github,http://github.com/,200,200,571,1,
2026-05-05T14:23:31.236694+00:00,Google,https://google.com,200,200,147,1,
2026-05-05T14:23:31.329986+00:00,Github,http://github.com/,200,200,93,1,
2026-05-05T17:47:34.949350+00:00,Google,https://google.com,200,200,171,1,
2026-05-05T17:47:35.023896+00:00,Github,http://github.com/,200,200,74,1,
2026-05-05T19:08:33.093564+00:00,Google,https://google.com,200,200,162,1,
2026-05-05T19:08:33.337037+00:00,Github,http://github.com/,200,200,243,1,
2026-05-05T20:16:25.770161+00:00,Google,https://google.com,200,200,158,1,
2026-05-05T20:16:25.825671+00:00,Github,http://github.com/,200,200,55,1,
2026-05-05T21:32:52.822365+00:00,Google,https://google.com,200,200,161,1,
2026-05-05T21:32:52.926580+00:00,Github,http://github.com/,200,200,104,1,
2026-05-05T22:36:32.262715+00:00,Google,https://google.com,200,200,177,1,
2026-05-05T22:36:32.516387+00:00,Github,http://github.com/,200,200,253,1,
2026-05-05T23:30:50.768812+00:00,Google,https://google.com,200,200,284,1,
2026-05-05T23:30:51.325554+00:00,Github,http://github.com/,200,200,556,1,
2026-05-06T01:16:10.085814+00:00,Google,https://google.com,200,200,267,1,
2026-05-06T01:16:10.424958+00:00,Github,http://github.com/,200,200,339,1,
2026-05-06T04:50:35.738168+00:00,Google,https://google.com,200,200,369,1,
2026-05-06T04:50:36.107166+00:00,Github,http://github.com/,200,200,368,1,
2026-05-06T07:31:32.871714+00:00,Google,https://google.com,200,200,308,1,
2026-05-06T07:31:33.259751+00:00,Github,http://github.com/,200,200,387,1,
2026-05-06T10:01:28.605347+00:00,Google,https://google.com,200,200,238,1,
2026-05-06T10:01:28.700685+00:00,Github,http://github.com/,200,200,95,1,
2026-05-06T12:04:35.930083+00:00,Google,https://google.com,200,200,293,1,
2026-05-06T12:04:36.460464+00:00,Github,http://github.com/,200,200,530,1,
2026-05-06T14:44:51.552539+00:00,Google,https://google.com,200,200,216,1,
2026-05-06T14:44:51.802828+00:00,Github,http://github.com/,200,200,250,1,
2026-05-06T16:19:17.396938+00:00,Google,https://google.com,200,200,181,1,
2026-05-06T16:19:18.129752+00:00,Github,http://github.com/,200,200,732,1,
2026-05-06T17:57:51.588535+00:00,Google,https://google.com,200,200,230,1,
2026-05-06T17:57:51.848596+00:00,Github,http://github.com/,200,200,260,1,
2026-05-06T19:46:17.120178+00:00,Google,https://google.com,200,200,121,1,
2026-05-06T19:46:17.174047+00:00,Github,http://github.com/,200,200,53,1,
2026-05-06T21:04:55.111989+00:00,Google,https://google.com,200,200,198,1,
2026-05-06T21:04:55.390583+00:00,Github,http://github.com/,200,200,278,1,
2026-05-06T22:07:30.757335+00:00,Google,https://google.com,200,200,271,1,
2026-05-06T22:07:31.131684+00:00,Github,http://github.com/,200,200,374,1,
2026-05-06T23:05:18.553143+00:00,Google,https://google.com,200,200,299,1,
2026-05-06T23:05:18.919815+00:00,Github,http://github.com/,200,200,366,1,
2026-05-07T00:02:37.723572+00:00,Google,https://google.com,200,200,160,1,
2026-05-07T00:02:37.822647+00:00,Github,http://github.com/,200,200,99,1,
2026-05-07T04:02:56.040427+00:00,Google,https://google.com,200,200,169,1,
2026-05-07T04:02:56.743017+00:00,Github,http://github.com/,200,200,702,1,
2026-05-07T06:51:16.520004+00:00,Google,https://google.com,200,200,194,1,
2026-05-07T06:51:16.638343+00:00,Github,http://github.com/,200,200,118,1,
2026-05-07T09:26:55.372749+00:00,Google,https://google.com,200,200,121,1,
2026-05-07T09:26:55.422193+00:00,Github,http://github.com/,200,200,49,1,
2026-05-07T11:25:53.582550+00:00,Google,https://google.com,200,200,225,1,
2026-05-07T11:25:54.153607+00:00,Github,http://github.com/,200,200,570,1,
2026-05-07T13:13:50.180854+00:00,Google,https://google.com,200,200,221,1,
2026-05-07T13:13:50.672894+00:00,Github,http://github.com/,200,200,491,1,
2026-05-07T15:37:24.694159+00:00,Google,https://google.com,200,200,147,1,
2026-05-07T15:37:24.788777+00:00,Github,http://github.com/,200,200,94,1,
2026-05-07T17:23:52.877594+00:00,Google,https://google.com,200,200,210,1,
2026-05-07T17:23:53.155639+00:00,Github,http://github.com/,200,200,278,1,
2026-05-07T19:12:01.482104+00:00,Google,https://google.com,200,200,234,1,
2026-05-07T19:12:02.213942+00:00,Github,http://github.com/,200,200,731,1,
2026-05-07T20:38:27.624699+00:00,Google,https://google.com,200,200,201,1,
2026-05-07T20:38:27.887775+00:00,Github,http://github.com/,200,200,263,1,
2026-05-07T21:37:13.222293+00:00,Google,https://google.com,200,200,212,1,
2026-05-07T21:37:13.482799+00:00,Github,http://github.com/,200,200,260,1,
2026-05-07T22:42:14.414625+00:00,Google,https://google.com,200,200,201,1,
2026-05-07T22:42:14.649270+00:00,Github,http://github.com/,200,200,234,1,
2026-05-07T23:35:07.388478+00:00,Google,https://google.com,200,200,240,1,
2026-05-07T23:35:07.609426+00:00,Github,http://github.com/,200,200,220,1,
2026-05-08T01:23:58.795480+00:00,Google,https://google.com,200,200,116,1,
2026-05-08T01:23:58.861961+00:00,Github,http://github.com/,200,200,66,1,
2026-05-08T04:30:28.732202+00:00,Google,https://google.com,200,200,149,1,
2026-05-08T04:30:28.832664+00:00,Github,http://github.com/,200,200,100,1,
2026-05-08T06:20:10.541909+00:00,Google,https://google.com,200,200,141,1,
2026-05-08T06:20:10.820035+00:00,Github,http://github.com/,200,200,278,1,
2026-05-08T08:04:47.406247+00:00,Google,https://google.com,200,200,182,1,
2026-05-08T08:04:47.675270+00:00,Github,http://github.com/,200,200,268,1,
2026-05-08T09:50:51.343336+00:00,Google,https://google.com,200,200,202,1,
2026-05-08T09:50:51.580561+00:00,Github,http://github.com/,200,200,237,1,
2026-05-08T11:05:34.994835+00:00,Google,https://google.com,200,200,224,1,
2026-05-08T11:05:35.242880+00:00,Github,http://github.com/,200,200,248,1,
2026-05-08T12:18:27.530107+00:00,Google,https://google.com,200,200,171,1,
2026-05-08T12:18:27.783620+00:00,Github,http://github.com/,200,200,253,1,
2026-05-08T14:21:29.580408+00:00,Google,https://google.com,200,200,263,1,
2026-05-08T14:21:30.217659+00:00,Github,http://github.com/,200,200,637,1,
2026-05-08T15:56:56.123034+00:00,Google,https://google.com,200,200,266,1,
2026-05-08T15:56:56.682484+00:00,Github,http://github.com/,200,200,559,1,
2026-05-08T17:14:21.002103+00:00,Google,https://google.com,200,200,263,1,
2026-05-08T17:14:21.380012+00:00,Github,http://github.com/,200,200,377,1,
2026-05-08T18:45:14.606694+00:00,Google,https://google.com,200,200,303,1,
2026-05-08T18:45:14.852889+00:00,Github,http://github.com/,200,200,246,1,
2026-05-08T20:04:17.535288+00:00,Google,https://google.com,200,200,151,1,
2026-05-08T20:04:17.815152+00:00,Github,http://github.com/,200,200,279,1,
2026-05-08T21:14:24.874539+00:00,Google,https://google.com,200,200,242,1,
2026-05-08T21:14:25.570954+00:00,Github,http://github.com/,200,200,696,1,
2026-05-08T22:11:42.595897+00:00,Google,https://google.com,200,200,237,1,
2026-05-08T22:11:42.929712+00:00,Github,http://github.com/,200,200,333,1,
2026-05-08T23:09:43.022755+00:00,Google,https://google.com,200,200,130,1,
2026-05-08T23:09:43.079840+00:00,Github,http://github.com/,200,200,57,1,
2026-05-09T00:08:43.582376+00:00,Google,https://google.com,200,200,149,1,
2026-05-09T00:08:43.679935+00:00,Github,http://github.com/,200,200,97,1,
2026-05-09T03:53:42.749689+00:00,Google,https://google.com,200,200,158,1,
2026-05-09T03:53:42.804768+00:00,Github,http://github.com/,200,200,55,1,
2026-05-09T06:10:47.701640+00:00,Google,https://google.com,200,200,163,1,
2026-05-09T06:10:48.363302+00:00,Github,http://github.com/,200,200,661,1,
2026-05-09T08:10:09.684284+00:00,Google,https://google.com,200,200,218,1,
2026-05-09T08:10:10.431464+00:00,Github,http://github.com/,200,200,747,1,
2026-05-09T09:42:48.056449+00:00,Google,https://google.com,200,200,200,1,
2026-05-09T09:42:48.734382+00:00,Github,http://github.com/,200,200,677,1,
2026-05-09T10:36:46.459742+00:00,Google,https://google.com,200,200,191,1,
2026-05-09T10:36:46.710133+00:00,Github,http://github.com/,200,200,250,1,
2026-05-09T11:31:59.175277+00:00,Google,https://google.com,200,200,182,1,
2026-05-09T11:31:59.457932+00:00,Github,http://github.com/,200,200,282,1,
2026-05-09T12:40:37.099270+00:00,Google,https://google.com,200,200,289,1,
2026-05-09T12:40:37.688937+00:00,Github,http://github.com/,200,200,589,1,
2026-05-09T14:04:52.618454+00:00,Google,https://google.com,200,200,191,1,
2026-05-09T14:04:52.716407+00:00,Github,http://github.com/,200,200,97,1,
2026-05-09T15:11:38.220643+00:00,Google,https://google.com,200,200,166,1,
2026-05-09T15:11:38.924568+00:00,Github,http://github.com/,200,200,703,1,
2026-05-09T16:07:41.631639+00:00,Google,https://google.com,200,200,220,1,
2026-05-09T16:07:42.370659+00:00,Github,http://github.com/,200,200,738,1,
2026-05-09T17:10:59.962925+00:00,Google,https://google.com,200,200,122,1,
2026-05-09T17:11:00.014685+00:00,Github,http://github.com/,200,200,51,1,
2026-05-09T18:04:00.433992+00:00,Google,https://google.com,200,200,157,1,
2026-05-09T18:04:00.488314+00:00,Github,http://github.com/,200,200,54,1,
2026-05-09T19:21:23.499048+00:00,Google,https://google.com,200,200,254,1,
2026-05-09T19:21:23.819090+00:00,Github,http://github.com/,200,200,320,1,
2026-05-09T20:06:57.624333+00:00,Google,https://google.com,200,200,278,1,
2026-05-09T20:06:57.886473+00:00,Github,http://github.com/,200,200,262,1,
2026-05-09T21:01:45.835138+00:00,Google,https://google.com,200,200,159,1,
2026-05-09T21:01:45.900904+00:00,Github,http://github.com/,200,200,65,1,
2026-05-09T21:59:49.231450+00:00,Google,https://google.com,200,200,174,1,
2026-05-09T21:59:49.477910+00:00,Github,http://github.com/,200,200,246,1,
2026-05-09T22:53:25.312152+00:00,Google,https://google.com,200,200,197,1,
2026-05-09T22:53:25.580965+00:00,Github,http://github.com/,200,200,268,1,
2026-05-09T23:39:42.005384+00:00,Google,https://google.com,200,200,152,1,
2026-05-09T23:39:42.099502+00:00,Github,http://github.com/,200,200,94,1,
2026-05-10T01:24:56.477454+00:00,Google,https://google.com,200,200,180,1,
2026-05-10T01:24:56.532114+00:00,Github,http://github.com/,200,200,54,1,
2026-05-10T04:59:03.479071+00:00,Google,https://google.com,200,200,202,1,
2026-05-10T04:59:03.750931+00:00,Github,http://github.com/,200,200,271,1,
2026-05-10T07:26:23.376887+00:00,Google,https://google.com,200,200,212,1,
2026-05-10T07:26:23.627022+00:00,Github,http://github.com/,200,200,250,1,
2026-05-10T09:12:04.365426+00:00,Google,https://google.com,200,200,196,1,
2026-05-10T09:12:04.609244+00:00,Github,http://github.com/,200,200,243,1,
2026-05-10T10:37:00.495194+00:00,Google,https://google.com,200,200,200,1,
2026-05-10T10:37:00.562284+00:00,Github,http://github.com/,200,200,67,1,
2026-05-10T11:31:33.886145+00:00,Google,https://google.com,200,200,118,1,
2026-05-10T11:31:33.939380+00:00,Github,http://github.com/,200,200,53,1,
2026-05-10T12:40:27.709808+00:00,Google,https://google.com,200,200,150,1,
2026-05-10T12:40:27.807197+00:00,Github,http://github.com/,200,200,97,1,
2026-05-10T14:06:37.615450+00:00,Google,https://google.com,200,200,168,1,
2026-05-10T14:06:37.884889+00:00,Github,http://github.com/,200,200,269,1,
2026-05-10T15:12:30.574979+00:00,Google,https://google.com,200,200,166,1,
2026-05-10T15:12:30.627677+00:00,Github,http://github.com/,200,200,52,1,
2026-05-10T16:09:07.406823+00:00,Google,https://google.com,200,200,234,1,
2026-05-10T16:09:07.689931+00:00,Github,http://github.com/,200,200,283,1,
2026-05-10T17:12:01.608978+00:00,Google,https://google.com,200,200,181,1,
2026-05-10T17:12:01.659956+00:00,Github,http://github.com/,200,200,50,1,
2026-05-10T18:05:19.256413+00:00,Google,https://google.com,200,200,278,1,
2026-05-10T18:05:19.658267+00:00,Github,http://github.com/,200,200,401,1,
2026-05-10T19:22:17.510605+00:00,Google,https://google.com,200,200,160,1,
2026-05-10T19:22:17.729157+00:00,Github,http://github.com/,200,200,218,1,
2026-05-10T20:08:28.763847+00:00,Google,https://google.com,200,200,147,1,
2026-05-10T20:08:29.007927+00:00,Github,http://github.com/,200,200,244,1,
2026-05-10T21:05:19.691991+00:00,Google,https://google.com,200,200,269,1,
2026-05-10T21:05:20.325322+00:00,Github,http://github.com/,200,200,633,1,
2026-05-10T22:03:11.477927+00:00,Google,https://google.com,200,200,183,1,
2026-05-10T22:03:11.745243+00:00,Github,http://github.com/,200,200,267,1,
2026-05-10T23:07:17.747743+00:00,Google,https://google.com,200,200,170,1,
2026-05-10T23:07:18.508054+00:00,Github,http://github.com/,200,200,760,1,
2026-05-11T00:07:21.233464+00:00,Google,https://google.com,200,200,174,1,
2026-05-11T00:07:21.522281+00:00,Github,http://github.com/,200,200,288,1,
2026-05-11T04:34:50.142050+00:00,Google,https://google.com,200,200,246,1,
2026-05-11T04:34:50.250618+00:00,Github,http://github.com/,200,200,108,1,
2026-05-11T08:04:54.715633+00:00,Google,https://google.com,200,200,189,1,
2026-05-11T08:04:54.812078+00:00,Github,http://github.com/,200,200,96,1,
2026-05-11T11:35:04.466840+00:00,Google,https://google.com,200,200,160,1,
2026-05-11T11:35:04.783702+00:00,Github,http://github.com/,200,200,316,1,
2026-05-11T14:06:41.335389+00:00,Google,https://google.com,200,200,219,1,
2026-05-11T14:06:41.577722+00:00,Github,http://github.com/,200,200,242,1,
2026-05-11T16:45:48.641770+00:00,Google,https://google.com,200,200,199,1,
2026-05-11T16:45:48.908251+00:00,Github,http://github.com/,200,200,266,1,
2026-05-11T18:52:19.873332+00:00,Google,https://google.com,200,200,162,1,
2026-05-11T18:52:20.189768+00:00,Github,http://github.com/,200,200,316,1,
2026-05-11T20:28:23.951509+00:00,Google,https://google.com,200,200,173,1,
2026-05-11T20:28:24.212802+00:00,Github,http://github.com/,200,200,261,1,
2026-05-11T21:49:40.531577+00:00,Google,https://google.com,200,200,176,1,
2026-05-11T21:49:40.591714+00:00,Github,http://github.com/,200,200,60,1,
2026-05-11T22:47:37.481715+00:00,Google,https://google.com,200,200,172,1,
2026-05-11T22:47:37.730973+00:00,Github,http://github.com/,200,200,249,1,
2026-05-11T23:51:25.202972+00:00,Google,https://google.com,200,200,128,1,
2026-05-11T23:51:25.262442+00:00,Github,http://github.com/,200,200,59,1,
2026-05-12T02:24:01.366588+00:00,Google,https://google.com,200,200,177,1,
2026-05-12T02:24:01.653189+00:00,Github,http://github.com/,200,200,286,1,
2026-05-12T05:51:03.541147+00:00,Google,https://google.com,200,200,262,1,
2026-05-12T05:51:03.941131+00:00,Github,http://github.com/,200,200,399,1,
2026-05-12T08:29:47.993591+00:00,Google,https://google.com,200,200,158,1,
2026-05-12T08:29:48.087385+00:00,Github,http://github.com/,200,200,93,1,
2026-05-12T10:59:50.233782+00:00,Google,https://google.com,200,200,141,1,
2026-05-12T10:59:50.452585+00:00,Github,http://github.com/,200,200,218,1,
2026-05-12T13:08:14.521133+00:00,Google,https://google.com,200,200,168,1,
2026-05-12T13:08:14.585747+00:00,Github,http://github.com/,200,200,64,1,
2026-05-12T15:45:40.505276+00:00,Google,https://google.com,200,200,295,1,
2026-05-12T15:45:40.889963+00:00,Github,http://github.com/,200,200,384,1,
2026-05-12T17:54:13.721677+00:00,Google,https://google.com,200,200,158,1,
2026-05-12T17:54:14.415040+00:00,Github,http://github.com/,200,200,693,1,
2026-05-12T19:40:04.966773+00:00,Google,https://google.com,200,200,363,1,
2026-05-12T19:40:15.105450+00:00,Github,http://github.com/,200,0,10138,0,Exception: The read operation timed out
2026-05-12T21:06:10.812125+00:00,Google,https://google.com,200,200,252,1,
2026-05-12T21:06:11.121914+00:00,Github,http://github.com/,200,200,309,1,
2026-05-12T22:22:30.712854+00:00,Google,https://google.com,200,200,162,1,
2026-05-12T22:22:30.773694+00:00,Github,http://github.com/,200,200,60,1,
2026-05-12T23:34:41.919872+00:00,Google,https://google.com,200,200,171,1,
2026-05-12T23:34:42.602109+00:00,Github,http://github.com/,200,200,682,1,
2026-05-13T01:26:59.410574+00:00,Google,https://google.com,200,200,149,1,
2026-05-13T01:26:59.465691+00:00,Github,http://github.com/,200,200,55,1,
2026-05-13T05:07:42.116014+00:00,Google,https://google.com,200,200,180,1,
2026-05-13T05:07:42.364598+00:00,Github,http://github.com/,200,200,248,1,
2026-05-13T08:11:13.507879+00:00,Google,https://google.com,200,200,145,1,
2026-05-13T08:11:13.775263+00:00,Github,http://github.com/,200,200,267,1,
2026-05-13T10:42:38.795660+00:00,Google,https://google.com,200,200,146,1,
2026-05-13T10:42:39.023005+00:00,Github,http://github.com/,200,200,227,1,
2026-05-13T12:32:56.327501+00:00,Google,https://google.com,200,200,207,1,
2026-05-13T12:32:56.581343+00:00,Github,http://github.com/,200,200,253,1,
2026-05-13T15:35:27.837235+00:00,Google,https://google.com,200,200,171,1,
2026-05-13T15:35:27.891329+00:00,Github,http://github.com/,200,200,54,1,
2026-05-13T17:49:49.857562+00:00,Google,https://google.com,200,200,156,1,
2026-05-13T17:49:50.143201+00:00,Github,http://github.com/,200,200,285,1,
2026-05-13T19:44:21.192227+00:00,Google,https://google.com,200,200,208,1,
2026-05-13T19:44:21.470507+00:00,Github,http://github.com/,200,200,278,1,
2026-05-13T21:11:32.412102+00:00,Google,https://google.com,200,200,169,1,
2026-05-13T21:11:32.511959+00:00,Github,http://github.com/,200,200,99,1,
2026-05-13T22:38:02.914448+00:00,Google,https://google.com,200,200,217,1,
2026-05-13T22:38:03.203646+00:00,Github,http://github.com/,200,200,289,1,
2026-05-13T23:41:13.169533+00:00,Google,https://google.com,200,200,155,1,
2026-05-13T23:41:13.238003+00:00,Github,http://github.com/,200,200,68,1,
2026-05-14T01:32:06.620254+00:00,Google,https://google.com,200,200,152,1,
2026-05-14T01:32:06.719068+00:00,Github,http://github.com/,200,200,98,1,
2026-05-14T05:32:44.232952+00:00,Google,https://google.com,200,200,169,1,
2026-05-14T05:32:44.340994+00:00,Github,http://github.com/,200,200,107,1,
2026-05-14T08:17:08.377378+00:00,Google,https://google.com,200,200,156,1,
2026-05-14T08:17:08.624862+00:00,Github,http://github.com/,200,200,247,1,
2026-05-14T10:40:56.315191+00:00,Google,https://google.com,200,200,219,1,
2026-05-14T10:40:56.936971+00:00,Github,http://github.com/,200,200,621,1,
2026-05-14T15:03:45.039252+00:00,Google,https://google.com,200,200,170,1,
2026-05-14T15:03:45.293237+00:00,Github,http://github.com/,200,200,253,1,
2026-05-14T17:08:33.115212+00:00,Google,https://google.com,200,200,161,1,
2026-05-14T17:08:33.209943+00:00,Github,http://github.com/,200,200,94,1,
2026-05-14T19:04:58.648706+00:00,Google,https://google.com,200,200,203,1,
2026-05-14T19:04:58.748321+00:00,Github,http://github.com/,200,200,99,1,
2026-05-14T20:43:53.426242+00:00,Google,https://google.com,200,200,160,1,
2026-05-14T20:43:53.482528+00:00,Github,http://github.com/,200,200,56,1,
2026-05-14T21:51:14.917154+00:00,Google,https://google.com,200,200,279,1,
2026-05-14T21:51:15.494226+00:00,Github,http://github.com/,200,200,577,1,
2026-05-14T22:51:00.296468+00:00,Google,https://google.com,200,200,306,1,
2026-05-14T22:51:00.899271+00:00,Github,http://github.com/,200,200,602,1,
2026-05-14T23:50:29.943208+00:00,Google,https://google.com,200,200,169,1,
2026-05-14T23:50:30.194833+00:00,Github,http://github.com/,200,200,251,1,
2026-05-15T02:30:52.452607+00:00,Google,https://google.com,200,200,247,1,
2026-05-15T02:30:52.777835+00:00,Github,http://github.com/,200,200,325,1,
2026-05-15T06:19:23.994972+00:00,Google,https://google.com,200,200,156,1,
2026-05-15T06:19:24.058421+00:00,Github,http://github.com/,200,200,63,1,
2026-05-15T09:27:04.844427+00:00,Google,https://google.com,200,200,110,1,
2026-05-15T09:27:04.896206+00:00,Github,http://github.com/,200,200,51,1,
2026-05-15T11:33:09.578275+00:00,Google,https://google.com,200,200,151,1,
2026-05-15T11:33:09.804834+00:00,Github,http://github.com/,200,200,226,1,
2026-05-15T13:17:30.309605+00:00,Google,https://google.com,200,200,122,1,
2026-05-15T13:17:30.367672+00:00,Github,http://github.com/,200,200,58,1,
2026-05-15T15:34:54.442722+00:00,Google,https://google.com,200,200,246,1,
2026-05-15T15:34:54.769209+00:00,Github,http://github.com/,200,200,326,1,
2026-05-15T17:14:31.173889+00:00,Google,https://google.com,200,200,178,1,
2026-05-15T17:14:31.486716+00:00,Github,http://github.com/,200,200,312,1,
2026-05-15T18:56:04.842560+00:00,Google,https://google.com,200,200,152,1,
2026-05-15T18:56:05.083121+00:00,Github,http://github.com/,200,200,240,1,
2026-05-15T20:13:21.150254+00:00,Google,https://google.com,200,200,157,1,
2026-05-15T20:13:21.200843+00:00,Github,http://github.com/,200,200,50,1,
2026-05-15T21:19:02.029127+00:00,Google,https://google.com,200,200,229,1,
2026-05-15T21:19:02.600200+00:00,Github,http://github.com/,200,200,571,1,
2026-05-15T22:28:34.442799+00:00,Google,https://google.com,200,200,166,1,
2026-05-15T22:28:34.493635+00:00,Github,http://github.com/,200,200,50,1,
2026-05-15T23:28:56.913575+00:00,Google,https://google.com,200,200,293,1,
2026-05-15T23:28:57.249885+00:00,Github,http://github.com/,200,200,336,1,
2026-05-16T01:16:00.668477+00:00,Google,https://google.com,200,200,158,1,
2026-05-16T01:16:01.333195+00:00,Github,http://github.com/,200,200,664,1,
2026-05-16T04:47:13.286585+00:00,Google,https://google.com,200,200,138,1,
2026-05-16T04:47:13.352533+00:00,Github,http://github.com/,200,200,65,1,
2026-05-16T07:10:29.050936+00:00,Google,https://google.com,200,200,185,1,
2026-05-16T07:10:29.096383+00:00,Github,http://github.com/,200,200,45,1,
2026-05-16T08:59:56.528616+00:00,Google,https://google.com,200,200,173,1,
2026-05-16T08:59:57.201933+00:00,Github,http://github.com/,200,200,673,1,
2026-05-16T10:20:32.306544+00:00,Google,https://google.com,200,200,183,1,
2026-05-16T10:20:32.527748+00:00,Github,http://github.com/,200,200,221,1,
2026-05-16T11:30:31.617034+00:00,Google,https://google.com,200,200,145,1,
2026-05-16T11:30:31.669552+00:00,Github,http://github.com/,200,200,52,1,
2026-05-16T12:43:37.232146+00:00,Google,https://google.com,200,200,237,1,
2026-05-16T12:43:37.854951+00:00,Github,http://github.com/,200,200,622,1,
2026-05-16T14:09:29.009704+00:00,Google,https://google.com,200,200,159,1,
2026-05-16T14:09:29.262977+00:00,Github,http://github.com/,200,200,253,1,
2026-05-16T15:14:56.718479+00:00,Google,https://google.com,200,200,133,1,
2026-05-16T15:14:56.768801+00:00,Github,http://github.com/,200,200,50,1,
2026-05-16T16:11:10.434239+00:00,Google,https://google.com,200,200,220,1,
2026-05-16T16:11:10.541217+00:00,Github,http://github.com/,200,200,106,1,
2026-05-16T17:13:41.076691+00:00,Google,https://google.com,200,200,146,1,
2026-05-16T17:13:41.132093+00:00,Github,http://github.com/,200,200,55,1,
2026-05-16T18:07:12.140203+00:00,Google,https://google.com,200,200,204,1,
2026-05-16T18:07:12.389316+00:00,Github,http://github.com/,200,200,249,1,
2026-05-16T19:22:16.358316+00:00,Google,https://google.com,200,200,163,1,
2026-05-16T19:22:16.471732+00:00,Github,http://github.com/,200,200,113,1,
2026-05-16T20:10:05.338467+00:00,Google,https://google.com,200,200,129,1,
2026-05-16T20:10:05.390293+00:00,Github,http://github.com/,200,200,51,1,
2026-05-16T21:03:23.613071+00:00,Google,https://google.com,200,200,186,1,
2026-05-16T21:03:24.292728+00:00,Github,http://github.com/,200,200,679,1,
2026-05-16T22:03:38.619227+00:00,Google,https://google.com,200,200,260,1,
2026-05-16T22:03:39.202817+00:00,Github,http://github.com/,200,200,583,1,
2026-05-16T23:06:53.170477+00:00,Google,https://google.com,200,200,171,1,
2026-05-16T23:06:53.386353+00:00,Github,http://github.com/,200,200,215,1,
2026-05-17T00:06:48.149126+00:00,Google,https://google.com,200,200,301,1,
2026-05-17T00:06:48.497447+00:00,Github,http://github.com/,200,200,348,1,
2026-05-17T04:20:09.123508+00:00,Google,https://google.com,200,200,222,1,
2026-05-17T04:20:09.754825+00:00,Github,http://github.com/,200,200,631,1,
2026-05-17T07:21:01.422094+00:00,Google,https://google.com,200,200,150,1,
2026-05-17T07:21:01.658197+00:00,Github,http://github.com/,200,200,236,1,
2026-05-17T09:18:01.477754+00:00,Google,https://google.com,200,200,249,1,
2026-05-17T09:18:01.884657+00:00,Github,http://github.com/,200,200,406,1,
2026-05-17T10:47:49.314932+00:00,Google,https://google.com,200,200,137,1,
2026-05-17T10:47:49.541090+00:00,Github,http://github.com/,200,200,226,1,
2026-05-17T11:56:14.606776+00:00,Google,https://google.com,200,200,176,1,
2026-05-17T11:56:14.874420+00:00,Github,http://github.com/,200,200,267,1,
2026-05-17T13:11:16.838000+00:00,Google,https://google.com,200,200,178,1,
2026-05-17T13:11:17.047476+00:00,Github,http://github.com/,200,200,209,1,
2026-05-17T14:39:37.447329+00:00,Google,https://google.com,200,200,191,1,
2026-05-17T14:39:37.680641+00:00,Github,http://github.com/,200,200,233,1,
2026-05-17T15:43:01.919770+00:00,Google,https://google.com,200,200,276,1,
2026-05-17T15:43:02.272611+00:00,Github,http://github.com/,200,200,352,1,
2026-05-17T16:37:53.392899+00:00,Google,https://google.com,200,200,228,1,
2026-05-17T16:37:53.960242+00:00,Github,http://github.com/,200,200,567,1,
2026-05-17T17:39:52.232472+00:00,Google,https://google.com,200,200,171,1,
2026-05-17T17:39:52.499406+00:00,Github,http://github.com/,200,200,266,1,
2026-05-17T18:42:09.230268+00:00,Google,https://google.com,200,200,170,1,
2026-05-17T18:42:09.547563+00:00,Github,http://github.com/,200,200,317,1,
2026-05-17T19:49:40.233525+00:00,Google,https://google.com,200,200,148,1,
2026-05-17T19:49:40.314443+00:00,Github,http://github.com/,200,200,80,1,
2026-05-17T20:40:56.532659+00:00,Google,https://google.com,200,200,152,1,
2026-05-17T20:40:56.807558+00:00,Github,http://github.com/,200,200,274,1,
2026-05-17T21:37:32.456718+00:00,Google,https://google.com,200,200,142,1,
2026-05-17T21:37:32.718761+00:00,Github,http://github.com/,200,200,262,1,
2026-05-17T22:34:56.706190+00:00,Google,https://google.com,200,200,192,1,
2026-05-17T22:34:57.441504+00:00,Github,http://github.com/,200,200,735,1,
2026-05-17T23:39:44.393680+00:00,Google,https://google.com,200,200,193,1,
2026-05-17T23:39:44.668165+00:00,Github,http://github.com/,200,200,274,1,
2026-05-18T01:34:22.209836+00:00,Google,https://google.com,200,200,267,1,
2026-05-18T01:34:22.566865+00:00,Github,http://github.com/,200,200,356,1,
2026-05-18T05:56:08.357859+00:00,Google,https://google.com,200,200,201,1,
2026-05-18T05:56:08.467939+00:00,Github,http://github.com/,200,200,110,1,
2026-05-18T09:53:40.269955+00:00,Google,https://google.com,200,200,170,1,
2026-05-18T09:53:40.507242+00:00,Github,http://github.com/,200,200,237,1,
2026-05-18T13:39:04.356258+00:00,Google,https://google.com,200,200,152,1,
2026-05-18T13:39:04.575721+00:00,Github,http://github.com/,200,200,219,1,
2026-05-18T16:40:34.845717+00:00,Google,https://google.com,200,200,212,1,
2026-05-18T16:40:35.423125+00:00,Github,http://github.com/,200,200,577,1,
2026-05-18T18:22:58.387924+00:00,Google,https://google.com,200,200,163,1,
2026-05-18T18:22:58.443851+00:00,Github,http://github.com/,200,200,55,1,
2026-05-18T20:10:05.931704+00:00,Google,https://google.com,200,200,200,1,
2026-05-18T20:10:06.581426+00:00,Github,http://github.com/,200,200,649,1,
2026-05-18T21:36:46.421177+00:00,Google,https://google.com,200,200,157,1,
2026-05-18T21:36:46.690740+00:00,Github,http://github.com/,200,200,269,1,
2026-05-18T22:37:50.387291+00:00,Google,https://google.com,200,200,152,1,
2026-05-18T22:37:50.493104+00:00,Github,http://github.com/,200,200,105,1,
2026-05-18T23:43:40.133162+00:00,Google,https://google.com,200,200,154,1,
2026-05-18T23:43:40.199961+00:00,Github,http://github.com/,200,200,66,1,
2026-05-19T01:47:45.931840+00:00,Google,https://google.com,200,200,242,1,
2026-05-19T01:47:46.295991+00:00,Github,http://github.com/,200,200,364,1,
2026-05-19T06:00:52.702774+00:00,Google,https://google.com,200,200,191,1,
2026-05-19T06:00:52.957913+00:00,Github,http://github.com/,200,200,255,1,
2026-05-19T10:05:06.597974+00:00,Google,https://google.com,200,200,156,1,
2026-05-19T10:05:06.852946+00:00,Github,http://github.com/,200,200,254,1,
2026-05-19T13:29:53.830856+00:00,Google,https://google.com,200,200,319,1,
2026-05-19T13:29:54.175971+00:00,Github,http://github.com/,200,200,345,1,
2026-05-19T16:38:06.093931+00:00,Google,https://google.com,200,200,269,1,
2026-05-19T16:38:06.666725+00:00,Github,http://github.com/,200,200,572,1,
2026-05-19T18:25:39.620861+00:00,Google,https://google.com,200,200,178,1,
2026-05-19T18:25:39.734968+00:00,Github,http://github.com/,200,200,114,1,
2026-05-19T20:11:33.141633+00:00,Google,https://google.com,200,200,133,1,
2026-05-19T20:11:33.216107+00:00,Github,http://github.com/,200,200,74,1,
2026-05-19T21:44:26.729320+00:00,Google,https://google.com,200,200,152,1,
2026-05-19T21:44:26.844073+00:00,Github,http://github.com/,200,200,114,1,
2026-05-19T22:49:09.548953+00:00,Google,https://google.com,200,200,142,1,
2026-05-19T22:49:09.616534+00:00,Github,http://github.com/,200,200,67,1,
2026-05-19T23:57:04.974749+00:00,Google,https://google.com,200,200,119,1,
2026-05-19T23:57:05.023217+00:00,Github,http://github.com/,200,200,48,1,
2026-05-20T03:24:40.950993+00:00,Google,https://google.com,200,200,158,1,
2026-05-20T03:24:41.579982+00:00,Github,http://github.com/,200,200,628,1,
2026-05-20T06:59:44.323367+00:00,Google,https://google.com,200,200,154,1,
2026-05-20T06:59:44.589812+00:00,Github,http://github.com/,200,200,266,1,
2026-05-20T10:26:35.102785+00:00,Google,https://google.com,200,200,194,1,
2026-05-20T10:26:35.198466+00:00,Github,http://github.com/,200,200,95,1,
2026-05-20T12:41:26.806330+00:00,Google,https://google.com,200,200,393,1,
2026-05-20T12:41:27.060957+00:00,Github,http://github.com/,200,200,254,1,
2026-05-20T16:16:33.268738+00:00,Google,https://google.com,200,200,275,1,
2026-05-20T16:16:33.904485+00:00,Github,http://github.com/,200,200,635,1,
2026-05-20T18:37:55.299645+00:00,Google,https://google.com,200,200,257,1,
2026-05-20T18:37:55.615756+00:00,Github,http://github.com/,200,200,316,1,
2026-05-20T20:52:56.287058+00:00,Google,https://google.com,200,200,264,1,
2026-05-20T20:52:56.910449+00:00,Github,http://github.com/,200,200,623,1,
2026-05-20T22:20:07.101736+00:00,Google,https://google.com,200,200,172,1,
2026-05-20T22:20:07.356809+00:00,Github,http://github.com/,200,200,255,1,
2026-05-20T23:46:17.640972+00:00,Google,https://google.com,200,200,161,1,
2026-05-20T23:46:17.701163+00:00,Github,http://github.com/,200,200,60,1,
2026-05-21T02:38:52.282649+00:00,Google,https://google.com,200,200,124,1,
2026-05-21T02:38:52.332866+00:00,Github,http://github.com/,200,200,50,1,
2026-05-21T06:36:03.150066+00:00,Google,https://google.com,200,200,154,1,
2026-05-21T06:36:03.250187+00:00,Github,http://github.com/,200,200,100,1,
2026-05-21T10:24:14.812619+00:00,Google,https://google.com,200,200,161,1,
2026-05-21T10:24:15.139856+00:00,Github,http://github.com/,200,200,327,1,
2026-05-21T13:41:45.413806+00:00,Google,https://google.com,200,200,173,1,
2026-05-21T13:41:45.664589+00:00,Github,http://github.com/,200,200,250,1,
2026-05-21T16:28:54.581574+00:00,Google,https://google.com,200,200,195,1,
2026-05-21T16:28:54.855269+00:00,Github,http://github.com/,200,200,273,1,
2026-05-21T18:19:47.767284+00:00,Google,https://google.com,200,200,126,1,
2026-05-21T18:19:47.829520+00:00,Github,http://github.com/,200,200,62,1,
2026-05-21T20:17:16.939312+00:00,Google,https://google.com,200,200,168,1,
2026-05-21T20:17:17.005979+00:00,Github,http://github.com/,200,200,66,1,
2026-05-21T21:54:58.584109+00:00,Google,https://google.com,200,200,178,1,
2026-05-21T21:54:59.250959+00:00,Github,http://github.com/,200,200,666,1,
2026-05-21T22:58:24.557614+00:00,Google,https://google.com,200,200,269,1,
2026-05-21T22:58:25.198950+00:00,Github,http://github.com/,200,200,641,1,
2026-05-22T00:04:00.460079+00:00,Google,https://google.com,200,200,167,1,
2026-05-22T00:04:00.557574+00:00,Github,http://github.com/,200,200,97,1,
2026-05-22T04:33:53.254929+00:00,Google,https://google.com,200,200,252,1,
2026-05-22T04:33:53.870302+00:00,Github,http://github.com/,200,200,615,1,
2026-05-22T08:01:05.977091+00:00,Google,https://google.com,200,200,256,1,
2026-05-22T08:01:06.606331+00:00,Github,http://github.com/,200,200,629,1,
2026-05-22T11:15:35.343637+00:00,Google,https://google.com,200,200,149,1,
2026-05-22T11:15:35.393022+00:00,Github,http://github.com/,200,200,49,1,
2026-05-22T13:41:06.943660+00:00,Google,https://google.com,200,200,135,1,
2026-05-22T13:41:07.011669+00:00,Github,http://github.com/,200,200,67,1,
2026-05-22T16:08:39.719525+00:00,Google,https://google.com,200,200,181,1,
2026-05-22T16:08:39.828062+00:00,Github,http://github.com/,200,200,108,1,
2026-05-22T18:02:46.102431+00:00,Google,https://google.com,200,200,202,1,
2026-05-22T18:02:46.359209+00:00,Github,http://github.com/,200,200,256,1,
2026-05-22T20:06:15.846238+00:00,Google,https://google.com,200,200,188,1,
2026-05-22T20:06:15.957321+00:00,Github,http://github.com/,200,200,111,1,
2026-05-22T21:34:01.738616+00:00,Google,https://google.com,200,200,156,1,
2026-05-22T21:34:02.414268+00:00,Github,http://github.com/,200,200,675,1,
2026-05-22T22:39:59.865556+00:00,Google,https://google.com,200,200,151,1,
2026-05-22T22:39:59.963351+00:00,Github,http://github.com/,200,200,97,1,
2026-05-22T23:44:57.807798+00:00,Google,https://google.com,200,200,148,1,
2026-05-22T23:44:58.063574+00:00,Github,http://github.com/,200,200,255,1,
2026-05-23T01:27:54.518554+00:00,Google,https://google.com,200,200,164,1,
2026-05-23T01:27:54.642938+00:00,Github,http://github.com/,200,200,124,1,
2026-05-23T05:02:57.519979+00:00,Google,https://google.com,200,200,165,1,
2026-05-23T05:02:58.164416+00:00,Github,http://github.com/,200,200,644,1,
2026-05-23T07:41:25.517717+00:00,Google,https://google.com,200,200,114,1,
2026-05-23T07:41:25.571565+00:00,Github,http://github.com/,200,200,53,1,
2026-05-23T09:25:52.165663+00:00,Google,https://google.com,200,200,150,1,
2026-05-23T09:25:52.217708+00:00,Github,http://github.com/,200,200,51,1,
2026-05-23T10:50:22.744325+00:00,Google,https://google.com,200,200,109,1,
2026-05-23T10:50:22.815784+00:00,Github,http://github.com/,200,200,71,1,
2026-05-23T11:56:04.586047+00:00,Google,https://google.com,200,200,153,1,
2026-05-23T11:56:04.649705+00:00,Github,http://github.com/,200,200,63,1,
2026-05-23T13:15:11.006857+00:00,Google,https://google.com,200,200,287,1,
2026-05-23T13:15:11.322424+00:00,Github,http://github.com/,200,200,315,1,
2026-05-23T14:46:02.216924+00:00,Google,https://google.com,200,200,167,1,
2026-05-23T14:46:02.337512+00:00,Github,http://github.com/,200,200,120,1,
2026-05-23T15:57:09.360630+00:00,Google,https://google.com,200,200,171,1,
2026-05-23T15:57:10.082085+00:00,Github,http://github.com/,200,200,721,1,
2026-05-23T16:57:24.926746+00:00,Google,https://google.com,200,200,179,1,
2026-05-23T16:57:25.195090+00:00,Github,http://github.com/,200,200,268,1,
2026-05-23T18:00:48.077036+00:00,Google,https://google.com,200,200,137,1,
2026-05-23T18:00:48.136387+00:00,Github,http://github.com/,200,200,59,1,
2026-05-23T19:36:12.135357+00:00,Google,https://google.com,200,200,223,1,
2026-05-23T19:36:12.716585+00:00,Github,http://github.com/,200,200,581,1,
2026-05-23T20:30:09.509973+00:00,Google,https://google.com,200,200,146,1,
2026-05-23T20:30:09.561999+00:00,Github,http://github.com/,200,200,51,1,
2026-05-23T21:37:06.834851+00:00,Google,https://google.com,200,200,171,1,
2026-05-23T21:37:06.938439+00:00,Github,http://github.com/,200,200,103,1,
2026-05-23T22:35:36.786051+00:00,Google,https://google.com,200,200,199,1,
2026-05-23T22:35:37.094204+00:00,Github,http://github.com/,200,200,308,1,
2026-05-23T23:40:31.104269+00:00,Google,https://google.com,200,200,145,1,
2026-05-23T23:40:31.157964+00:00,Github,http://github.com/,200,200,53,1,
2026-05-24T01:34:57.520956+00:00,Google,https://google.com,200,200,240,1,
2026-05-24T01:34:57.859511+00:00,Github,http://github.com/,200,200,338,1,
2026-05-24T05:46:12.697149+00:00,Google,https://google.com,200,200,170,1,
2026-05-24T05:46:12.956254+00:00,Github,http://github.com/,200,200,259,1,
2026-05-24T08:20:13.295783+00:00,Google,https://google.com,200,200,120,1,
2026-05-24T08:20:13.346495+00:00,Github,http://github.com/,200,200,50,1,
2026-05-24T10:16:29.344973+00:00,Google,https://google.com,200,200,128,1,
2026-05-24T10:16:29.397597+00:00,Github,http://github.com/,200,200,52,1,
2026-05-24T11:47:01.878835+00:00,Google,https://google.com,200,200,164,1,
2026-05-24T11:47:02.127795+00:00,Github,http://github.com/,200,200,248,1,
2026-05-24T13:07:01.121494+00:00,Google,https://google.com,200,200,159,1,
2026-05-24T13:07:01.384439+00:00,Github,http://github.com/,200,200,262,1,
2026-05-24T14:42:32.289799+00:00,Google,https://google.com,200,200,185,1,
2026-05-24T14:42:33.059126+00:00,Github,http://github.com/,200,200,769,1,
2026-05-24T15:47:06.622102+00:00,Google,https://google.com,200,200,135,1,
2026-05-24T15:47:06.684223+00:00,Github,http://github.com/,200,200,62,1,
2026-05-24T16:54:19.432819+00:00,Google,https://google.com,200,200,154,1,
2026-05-24T16:54:19.504579+00:00,Github,http://github.com/,200,200,71,1,
2026-05-24T17:54:15.753106+00:00,Google,https://google.com,200,200,158,1,
2026-05-24T17:54:16.327512+00:00,Github,http://github.com/,200,200,574,1,
2026-05-24T19:06:07.225138+00:00,Google,https://google.com,200,200,160,1,
2026-05-24T19:06:07.322610+00:00,Github,http://github.com/,200,200,97,1,
2026-05-24T20:14:23.916825+00:00,Google,https://google.com,200,200,161,1,
2026-05-24T20:14:24.012244+00:00,Github,http://github.com/,200,200,95,1,
2026-05-24T21:12:17.189329+00:00,Google,https://google.com,200,200,176,1,
2026-05-24T21:12:17.466135+00:00,Github,http://github.com/,200,200,276,1,
2026-05-24T22:10:07.678273+00:00,Google,https://google.com,200,200,152,1,
2026-05-24T22:10:07.943451+00:00,Github,http://github.com/,200,200,265,1,
2026-05-24T23:12:59.507406+00:00,Google,https://google.com,200,200,149,1,
2026-05-24T23:12:59.723988+00:00,Github,http://github.com/,200,200,216,1,
2026-05-25T00:13:06.659833+00:00,Google,https://google.com,200,200,155,1,
2026-05-25T00:13:06.760957+00:00,Github,http://github.com/,200,200,101,1,
2026-05-25T04:52:09.115673+00:00,Google,https://google.com,200,200,153,1,
2026-05-25T04:52:09.329558+00:00,Github,http://github.com/,200,200,213,1,
2026-05-25T08:51:46.541721+00:00,Google,https://google.com,200,200,259,1,
2026-05-25T08:51:46.875864+00:00,Github,http://github.com/,200,200,334,1,
2026-05-25T12:21:20.471288+00:00,Google,https://google.com,200,200,222,1,
2026-05-25T12:21:21.055323+00:00,Github,http://github.com/,200,200,583,1,
2026-05-25T15:34:12.106242+00:00,Google,https://google.com,200,200,174,1,
2026-05-25T15:34:12.365110+00:00,Github,http://github.com/,200,200,258,1,
2026-05-25T17:21:56.306769+00:00,Google,https://google.com,200,200,120,1,
2026-05-25T17:21:56.386504+00:00,Github,http://github.com/,200,200,79,1,
2026-05-25T18:57:11.012670+00:00,Google,https://google.com,200,200,245,1,
2026-05-25T18:57:11.226179+00:00,Github,http://github.com/,200,200,213,1,
2026-05-25T20:21:45.046395+00:00,Google,https://google.com,200,200,132,1,
2026-05-25T20:21:45.107653+00:00,Github,http://github.com/,200,200,61,1,
2026-05-25T21:41:25.315445+00:00,Google,https://google.com,200,200,131,1,
2026-05-25T21:41:25.369640+00:00,Github,http://github.com/,200,200,54,1,
2026-05-25T22:41:13.092319+00:00,Google,https://google.com,200,200,235,1,
2026-05-25T22:41:13.681493+00:00,Github,http://github.com/,200,200,589,1,
2026-05-25T23:44:30.220722+00:00,Google,https://google.com,200,200,155,1,
2026-05-25T23:44:30.272138+00:00,Github,http://github.com/,200,200,51,1,
2026-05-26T01:30:46.876670+00:00,Google,https://google.com,200,200,140,1,
2026-05-26T01:30:46.930605+00:00,Github,http://github.com/,200,200,53,1,
2026-05-26T05:49:31.075546+00:00,Google,https://google.com,200,200,133,1,
2026-05-26T05:49:31.142310+00:00,Github,http://github.com/,200,200,66,1,
2026-05-26T09:39:37.742627+00:00,Google,https://google.com,200,200,199,1,
2026-05-26T09:39:37.994017+00:00,Github,http://github.com/,200,200,251,1,
2026-05-26T16:26:11.399688+00:00,Google,https://google.com,200,200,181,1,
2026-05-26T16:26:11.715705+00:00,Github,http://github.com/,200,200,315,1,
2026-05-26T18:40:40.917368+00:00,Google,https://google.com,200,200,166,1,
2026-05-26T18:40:41.235386+00:00,Github,http://github.com/,200,200,317,1,
2026-05-26T20:34:45.363595+00:00,Google,https://google.com,200,200,255,1,
2026-05-26T20:34:45.996867+00:00,Github,http://github.com/,200,200,633,1,
2026-05-26T22:10:32.193926+00:00,Google,https://google.com,200,200,142,1,
2026-05-26T22:10:32.246279+00:00,Github,http://github.com/,200,200,52,1,
2026-05-26T23:32:11.898126+00:00,Google,https://google.com,200,200,145,1,
2026-05-26T23:32:11.957489+00:00,Github,http://github.com/,200,200,59,1,
2026-05-27T01:50:11.260436+00:00,Google,https://google.com,200,200,151,1,
2026-05-27T01:50:11.367508+00:00,Github,http://github.com/,200,200,107,1,
2026-05-27T06:13:01.557024+00:00,Google,https://google.com,200,200,153,1,
2026-05-27T06:13:01.652875+00:00,Github,http://github.com/,200,200,95,1,
2026-05-27T10:20:20.615427+00:00,Google,https://google.com,200,200,268,1,
2026-05-27T10:20:20.969591+00:00,Github,http://github.com/,200,200,354,1,
2026-05-27T13:55:54.307268+00:00,Google,https://google.com,200,200,166,1,
2026-05-27T13:55:54.404393+00:00,Github,http://github.com/,200,200,97,1,
2026-05-27T16:58:45.046230+00:00,Google,https://google.com,200,200,199,1,
2026-05-27T16:58:45.156749+00:00,Github,http://github.com/,200,200,110,1,
2026-05-27T19:27:03.021948+00:00,Google,https://google.com,200,200,202,1,
2026-05-27T19:27:03.278008+00:00,Github,http://github.com/,200,200,256,1,
2026-05-27T21:19:52.147257+00:00,Google,https://google.com,200,200,299,1,
2026-05-27T21:19:52.499877+00:00,Github,http://github.com/,200,200,352,1,
2026-05-27T22:54:55.506892+00:00,Google,https://google.com,200,200,182,1,
2026-05-27T22:54:55.776865+00:00,Github,http://github.com/,200,200,269,1,
2026-05-27T23:55:49.374078+00:00,Google,https://google.com,200,200,194,1,
2026-05-27T23:55:49.662785+00:00,Github,http://github.com/,200,200,288,1,
